{
  "data" : {
    "lookups" : [
      "trait"
    ],
    "name" : "intent",
    "lang" : "en",
    "exotic" : false,
    "id" : "intent",
    "values" : [
      {
        "value" : "City Colleges of Chicago"
      },
      {
        "value" : "EDUIS"
      },
      {
        "value" : "EDUIS"
      },
      {
        "value" : "Math"
      },
      {
        "value" : "University of Illinois"
      },
      {
        "value" : "Yellowtextbook Tutoring Services"
      },
      {
        "value" : "homework"
      },
      {
        "value" : "illinois community college board"
      }
    ],
    "doc" : "User-defined entity",
    "builtin" : false
  }
}