{
  "apis" : [ {
    "operations" : [ {
      "consumes" : [ ],
      "items" : { },
      "method" : "GET",
      "nickname" : "yellowtextbookregions",
      "parameters" : [ {
        "allowMultiple" : true,
        "description" : "Schools",
        "name" : "Yellowtextbook Central Region",
        "paramType" : "query",
        "required" : false,
        "type" : "string"
      } ],
      "produces" : [ "application/json", "text/plain", "application/xml", "text/css", "text/html", "text/richtext", "text/xml", "application/octet-stream", "application/pdf", "application/postscript", "application/voicexml+xml", "application/xhtml+xml", "application/x-www-form-urlencoded", "application/zip", "image/gif", "image/jpeg", "video/mp4", "video/quicktime", "application/msword", "application/vnd.ms-excel", "application/vnd.ms-powerpoint", "application/vnd.openxmlformats-officedocument.spreadsheetml.sheet", "application/vnd.openxmlformats-officedocument.wordprocessingml.document", "application/vnd.mozilla.xul+xml", "application/vnd.oasis.opendocument.text", "application/vnd.oasis.opendocument.spreadsheet" ],
      "responseMessages" : [ ],
      "summary" : "Yellowtextbook Regions of Schools Colleges and Universities",
      "type" : "string"
    } ],
    "path" : "/ibhecollaborativeuniversity"
  }, {
    "operations" : [ {
      "consumes" : [ ],
      "items" : { },
      "method" : "GET",
      "nickname" : "universityofillinoischicago",
      "parameters" : [ {
        "allowMultiple" : true,
        "description" : "Illinois Region",
        "name" : "CIC Big Ten Academic Alliance",
        "paramType" : "query",
        "required" : false,
        "type" : "string"
      } ],
      "produces" : [ "application/json", "text/plain", "application/xml", "text/css", "text/html", "text/richtext", "text/xml", "application/octet-stream", "application/pdf", "application/postscript", "application/voicexml+xml", "application/xhtml+xml", "application/x-www-form-urlencoded", "application/zip", "image/gif", "image/jpeg", "video/mp4", "video/quicktime", "application/msword", "application/vnd.ms-excel", "application/vnd.ms-powerpoint", "application/vnd.openxmlformats-officedocument.spreadsheetml.sheet", "application/vnd.openxmlformats-officedocument.wordprocessingml.document", "application/vnd.mozilla.xul+xml", "application/vnd.oasis.opendocument.text", "application/vnd.oasis.opendocument.spreadsheet" ],
      "responseMessages" : [ ],
      "summary" : "CIC Big Ten Academic Alliance",
      "type" : "string"
    } ],
    "path" : "/universityofillinoischicago"
  } ],
  "apiVersion" : "1.0.0",
  "basePath" : "https://www.freewebs.com/energyhub2",
  "consumes" : [ ],
  "models" : { },
  "produces" : [ ],
  "resourcePath" : "",
  "swaggerVersion" : "1.2"
}