{
  "data" : [
    {
      "id" : "function-AND",
      "type" : "function",
      "name" : "AND"
    },
    {
      "id" : "function-GET University of Illinois",
      "type" : "function",
      "name" : "GET University of Illinois"
    },
    {
      "id" : "function-GETSchool",
      "type" : "function",
      "name" : "GETSchool"
    },
    {
      "id" : "function-GETUniversity",
      "type" : "function",
      "name" : "GETUniversity"
    },
    {
      "id" : "function-GETUniversity of Illinois",
      "type" : "function",
      "name" : "GETUniversity of Illinois"
    },
    {
      "id" : "function-GOTO",
      "type" : "function",
      "name" : "GOTO"
    },
    {
      "id" : "function-OR",
      "type" : "function",
      "name" : "OR"
    },
    {
      "id" : "function-THEN",
      "type" : "function",
      "name" : "THEN"
    },
    {
      "id" : "function-{}",
      "type" : "function",
      "name" : "{}"
    },
    {
      "id" : "template-Are you a parent{GroupA}",
      "type" : "template",
      "template" : "Are you a parent{GroupA}",
      "requirements" : [
        {
          "name" : "GroupA",
          "negative" : false
        }
      ]
    },
    {
      "id" : "template-Are you a parent{Parent}",
      "type" : "template",
      "template" : "Are you a parent{Parent}",
      "requirements" : [
        {
          "name" : "Parent",
          "negative" : false
        }
      ]
    },
    {
      "id" : "template-What Subject{class}",
      "type" : "template",
      "template" : "What Subject{class}",
      "requirements" : [
        {
          "name" : "class",
          "negative" : false
        }
      ]
    },
    {
      "id" : "template-Which IBHE Campus{City Colleges of Chicago}",
      "type" : "template",
      "template" : "Which IBHE Campus{City Colleges of Chicago}",
      "requirements" : [
        {
          "name" : "City Colleges of Chicago",
          "negative" : false
        }
      ]
    },
    {
      "id" : "template-Which IBHE Campus{Illinois ",
      "type" : "template",
      "template" : "Which IBHE Campus{Illinois "
    },
    {
      "id" : "template-Which IBHE Campus{}",
      "type" : "template",
      "template" : "Which IBHE Campus{}"
    }
  ]
}