{
  "data" : [
    {
      "text" : "Circle Campus"
    },
    {
      "text" : "I am looking for GED classes",
      "entities" : [
        {
          "entity" : "intent",
          "value" : "\"City Colleges of Chicago\""
        }
      ]
    },
    {
      "text" : "I am looking for Supplemental Educational Services for my Child",
      "entities" : [
        {
          "entity" : "intent",
          "value" : "\"EDUIS\""
        }
      ]
    },
    {
      "text" : "I am looking for supplemental educational services",
      "entities" : [
        {
          "entity" : "intent",
          "value" : "\"Yellowtextbook Tutoring Services\""
        }
      ]
    },
    {
      "text" : "I am searching for Homework Help",
      "entities" : [
        {
          "entity" : "intent",
          "value" : "\"University of Illinois\""
        },
        {
          "entity" : "intent",
          "value" : "\"homework\""
        }
      ]
    },
    {
      "text" : "I am searching for Math Homework Help",
      "entities" : [
        {
          "entity" : "intent",
          "value" : "\"City Colleges of Chicago\""
        },
        {
          "entity" : "intent",
          "value" : "\"homework\""
        }
      ]
    },
    {
      "text" : "I am searching for Supplemental Educational Services",
      "entities" : [
        {
          "entity" : "intent",
          "value" : "\"EDUIS\""
        }
      ]
    },
    {
      "text" : "I am searching for a tutor",
      "entities" : [
        {
          "entity" : "intent",
          "value" : "\"City Colleges of Chicago\""
        }
      ]
    },
    {
      "text" : "I need help in math",
      "entities" : [
        {
          "entity" : "intent",
          "value" : "\"Math\""
        },
        {
          "entity" : "intent",
          "value" : "\"homework\""
        }
      ]
    },
    {
      "text" : "Im searching the University of Illinois system",
      "entities" : [
        {
          "entity" : "intent",
          "value" : "\"University of Illinois\""
        }
      ]
    },
    {
      "text" : "My child needs supplemental educational services",
      "entities" : [
        {
          "entity" : "intent",
          "value" : "\"Yellowtextbook Tutoring Services\""
        }
      ]
    },
    {
      "text" : "Yes I am a parent",
      "entities" : [
        {
          "entity" : "intent",
          "value" : "\"EDUIS\""
        }
      ]
    }
  ]
}