{
  "data" : [
    {
      "name" : "EDUIS",
      "turns" : [
        {
          "user" : "I am looking for Supplemental Educational Services for my Child",
          "entities" : [
            {
              "entity" : "intent",
              "value" : "\"EDUIS\""
            }
          ],
          "operations" : [
            {
              "action" : "template-Are you a parent{Parent}"
            },
            {
              "action" : "function-GOTO"
            },
            {
              "branches" : [
                {
                  "predicates" : [
                    {
                      "name" : "http",
                      "negative" : false
                    }
                  ],
                  "operations" : [ ]
                }
              ]
            }
          ]
        }
      ]
    }
  ]
}